<?xml version="1.0" encoding="UTF-8"?>
<!DOCTYPE module PUBLIC "-//Puppy Crawl//DTD Check Configuration 1.3//EN" "http://www.puppycrawl.com/dtds/configuration_1_3.dtd">

<!--
    This configuration file was written by the eclipse-cs plugin configuration editor
-->
<!--
    Checkstyle-Configuration: Android
    Description: none
-->
<module name="Checker">
  <property name="severity" value="warning"/>
  <property name="basedir" value="${basedir}"/>
  <module name="TreeWalker">
    <property name="tabWidth" value="4"/>
    <module name="FileContentsHolder"/>
    <module name="JavadocMethod">
      <property name="scope" value="public"/>
      <property name="allowMissingThrowsTags" value="true"/>
      <property name="allowMissingReturnTag" value="true"/>
      <property name="allowMissingJavadoc" value="true"/>
      <property name="allowMissingPropertyJavadoc" value="true"/>
      <property name="logLoadErrors" value="true"/>
    </module>
    <module name="JavadocType">
      <property name="scope" value="public"/>
    </module>
    <module name="JavadocVariable">
      <property name="scope" value="public"/>
    </module>
    <module name="JavadocStyle"/>
    <module name="ConstantName"/>
    <module name="LocalFinalVariableName"/>
    <module name="LocalVariableName"/>
    <module name="MemberName"/>
    <module name="MethodName"/>
    <module name="PackageName"/>
    <module name="ParameterName"/>
    <module name="StaticVariableName"/>
    <module name="TypeName"/>
    <module name="AvoidStarImport"/>
    <module name="IllegalImport"/>
    <module name="RedundantImport"/>
    <module name="UnusedImports"/>
    <module name="MethodLength"/>
    <module name="ParameterNumber"/>
    <module name="EmptyForIteratorPad"/>
    <module name="MethodParamPad"/>
    <module name="NoWhitespaceAfter">
      <property name="tokens" value="BNOT,DEC,DOT,INC,LNOT,UNARY_MINUS,UNARY_PLUS"/>
    </module>
    <module name="NoWhitespaceBefore"/>
    <module name="OperatorWrap"/>
    <module name="ParenPad"/>
    <module name="TypecastParenPad"/>
    <module name="WhitespaceAround"/>
    <module name="ModifierOrder"/>
    <module name="RedundantModifier"/>
    <module name="AvoidNestedBlocks"/>
    <module name="EmptyBlock">
      <property name="option" value="text"/>
    </module>
    <module name="LeftCurly"/>
    <module name="NeedBraces"/>
    <module name="RightCurly"/>
    <module name="DoubleCheckedLocking"/>
    <module name="EmptyStatement"/>
    <module name="EqualsHashCode"/>
    <module name="HiddenField">
      <property name="tokens" value="VARIABLE_DEF"/>
    </module>
    <module name="IllegalInstantiation"/>
    <module name="InnerAssignment"/>
    <module name="MissingSwitchDefault"/>
    <module name="RedundantThrows"/>
    <module name="SimplifyBooleanExpression"/>
    <module name="SimplifyBooleanReturn"/>
    <module name="FinalClass"/>
    <module name="HideUtilityClassConstructor"/>
    <module name="InterfaceIsType"/>
    <module name="VisibilityModifier"/>
    <module name="ArrayTypeStyle"/>
    <module name="FinalParameters"/>
    <module name="TodoComment">
      <property name="severity" value="ignore"/>
      <metadata name="net.sf.eclipsecs.core.lastEnabledSeverity" value="inherit"/>
    </module>
    <module name="UpperEll"/>
  </module>
  <module name="SuppressionFilter">
    <property name="file" value="${basedir}/analysis/suppressions.xml"/>
  </module>
  <module name="SuppressionFilter">
    <property name="file" value="${basedir}/analysis/local_suppressions.xml"/>
  </module>
  <module name="JavadocPackage"/>
  <module name="NewlineAtEndOfFile">
    <property name="severity" value="ignore"/>
    <metadata name="net.sf.eclipsecs.core.lastEnabledSeverity" value="inherit"/>
  </module>
  <module name="Translation"/>
  <module name="FileLength"/>
  <module name="FileTabCharacter"/>
  <module name="RegexpSingleline">
    <property name="severity" value="ignore"/>
    <property name="format" value="\s+$"/>
    <property name="message" value="Line has trailing spaces."/>
    <metadata name="net.sf.eclipsecs.core.lastEnabledSeverity" value="inherit"/>
  </module>
  <module name="SuppressWithNearbyCommentFilter">
    <property name="commentFormat" value="CHECKSTYLE IGNORE (\w+) FOR NEXT (\d+) LINE"/>
    <property name="influenceFormat" value="$2"/>
  </module>
  <module name="SuppressionCommentFilter">
    <property name="offCommentFormat" value="CSOFF\: ([\w\|]+)"/>
    <property name="onCommentFormat" value="CSON\: ([\w\|]+)"/>
    <property name="checkFormat" value="$1"/>
  </module>
</module>
