<?xml version="1.0"?>

<!DOCTYPE suppressions PUBLIC
    "-//Puppy Crawl//DTD Suppressions 1.1//EN"
    "http://www.puppycrawl.com/dtds/suppressions_1_1.dtd">

<suppressions>
	<suppress checks="FileLength" files="TokenTypes.java" lines="1" />
	<suppress checks="MagicNumber" files="UnusedPrivateMethodCheck.java"
		lines="176" />
	<suppress checks="ImportControl" files="NewlineAtEndOfFileCheck.java"
		lines="27" />
	<suppress checks="ImportControl" files="TranslationCheck.java"
		lines="24" />
	<suppress checks="ImportControl" files="SuppressionCommentFilter.java"
		lines="28" />
	<suppress checks="ImportControl" files="SuppressWithNearbyCommentFilter.java"
		lines="40" />
	<suppress id="paramNum" files="LocalizedMessage.java" lines="141,145,178,210" />
	<suppress checks="[a-zA-Z0-9]*" files="R\.java" />
	<suppress checks="." files=".*\.properties" />
	<suppress checks="." files=".*[\\/]grammars[\\/]Generated[a-zA-Z]*\.java" />
	<suppress checks="." files=".*[\\/]grammars[\\/]Generated[a-zA-Z]*\.java" />
	<suppress checks="." files=".*[\\/]checkstyle[\\/]gui[\\/]" />
</suppressions>